from,to,
Braun,VereinfuerRaumschifffahrt,
Braun,Heeresversuchsanstalt,
Braun,V2,
Braun,SS,
Braun,USArmy,
Braun,ABMA,
Braun,Redstone,
Braun,Jupiter,
Braun,Nasa,
Braun,Mercury,
Braun,Gemini,
Braun,Apollo,
Braun,Saturn,
Braun,NSDAP,
Dornberger,Heereswaffenamt,
Dornberger,VereinfuerRaumschiffahrt,
Dornberger,Heereswaffenamt,
Dornberger,Heeresversuchsanstalt,
Dornberger,V2,
Dornberger,MittelwerkGmbH,
Dornberger,USAirForce,
Dornberger,BellAirCraftCorporation,
Dornberger,DynaSoar,
Dornberger,BellAirCraftCorporation,
Rickhey,NSDAP,
Rickhey,Heeresversuchsanstalt,
Rickhey,USArmy,
Rickhey,Gestapo,
Rudolph,NSDAP,
Rudolph,SA,
Rudolph,VereinfuerRaumschifffahrt,
Rudolph,FirmaHeylandt,
Rudolph,Heereswaffenamt,
Rudolph,Heeresversuchsanstalt,
Rudolph,USArmy,
Rudolph,ABMA,
Rudolph,Redstone,
Rudolph,NASA,
Rudolph,Saturn,
Debus,TechnischeHochschuleDarmstadt,
Debus,BurschenschaftMarkommania,
Debus,SA,
Debus,SS,
Debus,Gestapo,
Debus,V2,
Debus,PruefstandVII,
Debus,OperationBackfire,
Debus,USArmy,
Debus,Redstone,
Debus,ABMA,
Debus,NASA,
Debus,Apollo,
Kuettner,TechnischeHochschuleDarmstadt,
Kuettner,MesserschmittAG,
Kuettner,UniversityofCalifornia,
Kuettner,Redstone,
Kuettner,Mercury,
Kuettner,Apollo,
Riedel,FirmaHeylandt,
Riedel,Heereswaffenamt,
Riedel,Heeresversuchsanstalt,
Riedel,Kriegsgefangenschaft,
Rees,Heeresversuchsanstalt,
Rees,USArmy,
Rees,Redstone,
Rees,ABMA,
Rees,NASA,
Tessmann,Heeresversuchsanstalt,
Tessmann,V2,
Tessmann,USArmy,
Tessmann,WhiteSandsMissileRange,
Tessmann,USArmy,
Tessmann,NASA,
Huzel,NSDAP,
Huzel,Heeresversuchsanstalt,
Huzel,US Army,
Huzel,NorthAmercianAviation,
Benzinger,NSDAP,
Benzinger,SA,
Benzinger,FlugmedizinischesInstitut,
Benzinger,DeutscheAkademiefuerLuftfahrtforschung,
Benzinger,USAirForce,
Benzinger,NMRI,
Benzinger,NIST,
Schaefer,ScheringAG,
Schaefer,Luftwaffe,
Schaefer,KZDachau,
Schaefer,ForschungsinstitutfuerLuftfahrtmedizin,
Schaefer,USAirForce,
Ruff,DeutscheVersuchsanstaltfuerLuftfahrt,
Ruff,DeutscheAkademiefuerLuftfahrtforschung,
Ruff,NSDAP,
Ruff,KZDachau,
Ruff,AeroMedicalCenter,
Ruff,InstitutfuerFlugmedizinderdeutschenVersuchsanstalt,
Ruff,UniversitaetHeidelberg,
Strughold,Apollo,
Strughold,AeroMedicalCenter,
Strughold,NASA,
Strughold,Luftwaffe,
Strughold,RockefellerFoundation,
Strughold,FlugmedizinischesInstitut,
Strughold,Reichsluftfahrtministerium,
Strughold,UniversitaetHeidelberg,
Strughold,USAirForce,
Strughold,InstitutfuerWeltraummedizin,
Strughold,Gemini,
Strughold,RockefellerFoundation,
Tiesenhausen,IngenieursschuleHamburg,
Tiesenhausen,Luftwaffe,
Tiesenhausen,Heeresversuchsanstalt,
Tiesenhausen,V2,
Tiesenhausen,TestStandXII,
Tiesenhausen,Kriegsgefangenschaft,
Tiesenhausen,Hatlapa,
Tiesenhausen,USArmy,
Tiesenhausen,ABMA,
Tiesenhausen,Redstone,
Tiesenhausen,NASA,
Tiesenhausen,Apollo,
Tiesenhausen,Saturn,