from,to
Braun,Verein fuer Raumschifffahrt
Braun,Verein fuer Raumschifffahrt
Braun,Verein fuer Raumschifffahrt
Braun,Heeresversuchsanstalt
Braun,V2
Braun,SS
Braun,US Army
Braun,ABMA
Braun,Redstone
Braun,Jupiter
Braun,NASA
Braun,Mercury
Braun,Gemini
Braun,Apollo
Braun,Saturn
Braun,NSDAP
Dornberger,Heereswaffenamt
Dornberger,Verein fuer Raumschifffahrt
Dornberger,Heereswaffenamt
Dornberger,Heeresversuchsanstalt
Dornberger,V2
Dornberger,Mittelwerk GmbH
Dornberger,US Air Force
Dornberger,Bell Air Craft Corporation
Dornberger,Dyna Soar
Dornberger,Bell Air Craft Corporation
Rickhey,NSDAP
Rickhey,Heeresversuchsanstalt
Rickhey,US Army
Rickhey,Gestapo
Rudolph,NSDAP
Rudolph,SA
Rudolph,Verein fuer Raumschifffahrt
Rudolph,Firma Heylandt
Rudolph,Heereswaffenamt
Rudolph,Heeresversuchsanstalt
Rudolph,SS
Rudolph,Heeresversuchsanstalt
Rudolph,US Army
Rudolph,ABMA
Rudolph,Redstone
Rudolph,Redstone
Rudolph,NASA
Rudolph,NASA
Rudolph,Saturn
Debus,Technische Hochschule Darmstadt
Debus,Burschenschaft Markommannia
Debus,SA
Debus,SS
Debus,Technische Hochschule Darmstadt
Debus,Gestapo
Debus,V2
Debus,Pruefstand VII
Debus,Operation Backfire
Debus,US Army
Debus,Redstone
Debus,ABMA
Debus,NASA
Debus,NASA
Debus,Apollo 
Kuettner,Technische Hochschule Darmstadt
Kuettner,Messerschmitt AG
Kuettner,Geophysical Research Directorate
Kuettner,University of California
Kuettner,Redstone
Kuettner,Mercury 
Kuettner,Apollo
Riedel,Firma Heylandt
Riedel,Heereswaffenamt
Riedel,Heeresversuchsanstalt
Riedel,Heeresversuchsanstalt
Riedel,Heeresversuchsanstalt
Riedel,Kriegsgefangenschaft
Rees,Heeresversuchsanstalt
Rees,Heeresversuchsanstalt
Rees,Heeresversuchsanstalt
Rees,US Army
Rees,Redstone
Rees,ABMA
Rees,NASA
Tessmann,Heeresversuchsanstalt
Tessmann,V2
Tessmann,US Army
Tessmann,White Sands Missile Range
Tessmann,US Army
Tessmann,NASA
Huzel,NSDAP
Huzel,Heeresversuchsanstalt
Huzel,US Army
Huzel,North Amercian Aviation
Benzinger,NSDAP
Benzinger,SA
Benzinger,Flugmedizinisches Institut
Benzinger,Deutsche Akademie fuer Luftfahrtforschung
Benzinger,US Air Force
Benzinger,NMRI
Benzinger,NIST
Schaefer,Schering AG
Schaefer,Luftwaffe
Schaefer,KZ Dachau
Schaefer,Forschungsinstitut fuer Luftfahrtmedizin
Schaefer,US Air Force
Ruff,Deutsche Versuchsanstalt fuer Luftfahrt
Ruff,Deutsche Akademie fuer Luftfahrtforschung
Ruff,NSDAP
Ruff,KZ Dachau
Ruff,Aero Medical Center
Ruff,Institut fuer Flugmedizin der deutschen Versuchsanstalt
Ruff,Universitaet Heidelberg
Strughold,Apollo
Strughold,Aero Medical Center
Strughold,NASA
Strughold,Luftwaffe
Strughold,Rockefeller Foundation
Strughold,Flugmedizinisches Institut
Strughold,Reichsluftfahrtministerium
Strughold,Universitaet Heidelberg
Strughold,US Air Force
Strughold,Institut fuer Weltraummedizin
Strughold,Gemini
Strughold,Rockefeller Foundation
Tiesenhausen,Ingenieurschule Hamburg
Tiesenhausen,Luftwaffe 
Tiesenhausen,Heeresversuchsanstalt
Tiesenhausen,V2
Tiesenhausen,Test Stand 12
Tiesenhausen,Kriegsgefangenschaft
Tiesenhausen,Hatlapa
Tiesenhausen,US Army
Tiesenhausen,ABMA
Tiesenhausen,Redstone
Tiesenhausen,NASA
Tiesenhausen,Apollo
Tiesenhausen,Saturn